Method,Job,AnalyzeLaunchVariance,EvaluateOverhead,MaxAbsoluteError,MaxRelativeError,MinInvokeCount,MinIterationTime,OutlierMode,Affinity,EnvironmentVariables,Jit,LargeAddressAware,Platform,PowerPlanMode,Runtime,AllowVeryLargeObjects,Concurrent,CpuGroups,Force,HeapAffinitizeMask,HeapCount,NoAffinitize,RetainVm,Server,Arguments,BuildConfiguration,Clock,EngineFactory,NuGetReferences,Toolchain,IsMutator,InvocationCount,IterationCount,IterationTime,LaunchCount,MaxIterationCount,MaxWarmupIterationCount,MemoryRandomization,MinIterationCount,MinWarmupIterationCount,RunStrategy,UnrollFactor,WarmupCount,Categories,Workload,Mean,Error,StdDev,Median,Ratio,RatioSD,Gen0,Gen1,Gen2,Allocated,Alloc Ratio
JsonDecode,ShortRun,False,Default,Default,Default,Default,Default,Default,11111,Empty,RyuJit,Default,X64,8c5e7fda-e8bf-4a96-9a85-a6e23a8c635c,.NET 10.0,False,True,False,True,Default,Default,False,False,False,Default,Default,Default,Default,Default,Default,Default,Default,5,150ms,1,Default,Default,Default,Default,Default,Default,16,3,Decode,Operation,"2,008.0 ns",82.17 ns,21.34 ns,"2,009.4 ns",1.00,0.01,0.1388,0.0000,0.0000,2512 B,1.00
MessagePackDecode,ShortRun,False,Default,Default,Default,Default,Default,Default,11111,Empty,RyuJit,Default,X64,8c5e7fda-e8bf-4a96-9a85-a6e23a8c635c,.NET 10.0,False,True,False,True,Default,Default,False,False,False,Default,Default,Default,Default,Default,Default,Default,Default,5,150ms,1,Default,Default,Default,Default,Default,Default,16,3,Decode,Operation,656.1 ns,56.54 ns,14.68 ns,649.0 ns,0.33,0.01,0.0449,0.0000,0.0000,784 B,0.31
MemoryPackDecode,ShortRun,False,Default,Default,Default,Default,Default,Default,11111,Empty,RyuJit,Default,X64,8c5e7fda-e8bf-4a96-9a85-a6e23a8c635c,.NET 10.0,False,True,False,True,Default,Default,False,False,False,Default,Default,Default,Default,Default,Default,Default,Default,5,150ms,1,Default,Default,Default,Default,Default,Default,16,3,Decode,Operation,185.8 ns,9.33 ns,2.42 ns,186.8 ns,0.09,0.00,0.0447,0.0000,0.0000,760 B,0.30
ProtobufDecode,ShortRun,False,Default,Default,Default,Default,Default,Default,11111,Empty,RyuJit,Default,X64,8c5e7fda-e8bf-4a96-9a85-a6e23a8c635c,.NET 10.0,False,True,False,True,Default,Default,False,False,False,Default,Default,Default,Default,Default,Default,Default,Default,5,150ms,1,Default,Default,Default,Default,Default,Default,16,3,Decode,Operation,824.4 ns,48.15 ns,12.50 ns,821.1 ns,0.41,0.01,0.0403,0.0000,0.0000,752 B,0.30
JsonDecode,ShortRun,False,Default,Default,Default,Default,Default,Default,11111,Empty,RyuJit,Default,X64,8c5e7fda-e8bf-4a96-9a85-a6e23a8c635c,.NET 10.0,False,True,False,True,Default,Default,False,False,False,Default,Default,Default,Default,Default,Default,Default,Default,5,150ms,1,Default,Default,Default,Default,Default,Default,16,3,Decode,Metrics,"240,206.3 ns","10,260.60 ns","1,587.84 ns","240,174.6 ns",1.00,0.01,6.2500,0.0000,0.0000,125664 B,1.00
MessagePackDecode,ShortRun,False,Default,Default,Default,Default,Default,Default,11111,Empty,RyuJit,Default,X64,8c5e7fda-e8bf-4a96-9a85-a6e23a8c635c,.NET 10.0,False,True,False,True,Default,Default,False,False,False,Default,Default,Default,Default,Default,Default,Default,Default,5,150ms,1,Default,Default,Default,Default,Default,Default,16,3,Decode,Metrics,"65,052.2 ns","2,416.80 ns",374.00 ns,"65,038.9 ns",0.27,0.00,5.1020,0.8503,0.0000,87232 B,0.69
MemoryPackDecode,ShortRun,False,Default,Default,Default,Default,Default,Default,11111,Empty,RyuJit,Default,X64,8c5e7fda-e8bf-4a96-9a85-a6e23a8c635c,.NET 10.0,False,True,False,True,Default,Default,False,False,False,Default,Default,Default,Default,Default,Default,Default,Default,5,150ms,1,Default,Default,Default,Default,Default,Default,16,3,Decode,Metrics,"21,439.1 ns","1,953.55 ns",507.33 ns,"21,241.8 ns",0.09,0.00,5.1487,1.0011,0.0000,87208 B,0.69
ProtobufDecode,ShortRun,False,Default,Default,Default,Default,Default,Default,11111,Empty,RyuJit,Default,X64,8c5e7fda-e8bf-4a96-9a85-a6e23a8c635c,.NET 10.0,False,True,False,True,Default,Default,False,False,False,Default,Default,Default,Default,Default,Default,Default,Default,5,150ms,1,Default,Default,Default,Default,Default,Default,16,3,Decode,Metrics,"71,404.4 ns","2,196.47 ns",570.42 ns,"71,095.6 ns",0.30,0.00,3.7594,0.4699,0.0000,68864 B,0.55
JsonDecode,ShortRun,False,Default,Default,Default,Default,Default,Default,11111,Empty,RyuJit,Default,X64,8c5e7fda-e8bf-4a96-9a85-a6e23a8c635c,.NET 10.0,False,True,False,True,Default,Default,False,False,False,Default,Default,Default,Default,Default,Default,Default,Default,5,150ms,1,Default,Default,Default,Default,Default,Default,16,3,Decode,Trace,"252,973.8 ns","99,037.15 ns","15,326.11 ns","249,083.0 ns",1.00,0.08,4.8077,0.0000,0.0000,151264 B,1.00
MessagePackDecode,ShortRun,False,Default,Default,Default,Default,Default,Default,11111,Empty,RyuJit,Default,X64,8c5e7fda-e8bf-4a96-9a85-a6e23a8c635c,.NET 10.0,False,True,False,True,Default,Default,False,False,False,Default,Default,Default,Default,Default,Default,Default,Default,5,150ms,1,Default,Default,Default,Default,Default,Default,16,3,Decode,Trace,"85,838.7 ns","21,598.91 ns","5,609.17 ns","85,383.8 ns",0.34,0.03,6.1384,1.1161,0.0000,111808 B,0.74
MemoryPackDecode,ShortRun,False,Default,Default,Default,Default,Default,Default,11111,Empty,RyuJit,Default,X64,8c5e7fda-e8bf-4a96-9a85-a6e23a8c635c,.NET 10.0,False,True,False,True,Default,Default,False,False,False,Default,Default,Default,Default,Default,Default,Default,Default,5,150ms,1,Default,Default,Default,Default,Default,Default,16,3,Decode,Trace,"30,898.6 ns","5,386.55 ns","1,398.87 ns","31,297.1 ns",0.12,0.01,6.6824,1.7689,0.0000,111784 B,0.74
ProtobufDecode,ShortRun,False,Default,Default,Default,Default,Default,Default,11111,Empty,RyuJit,Default,X64,8c5e7fda-e8bf-4a96-9a85-a6e23a8c635c,.NET 10.0,False,True,False,True,Default,Default,False,False,False,Default,Default,Default,Default,Default,Default,Default,Default,5,150ms,1,Default,Default,Default,Default,Default,Default,16,3,Decode,Trace,"83,700.2 ns","2,080.69 ns",321.99 ns,"83,733.3 ns",0.33,0.02,5.1136,0.5682,0.0000,93440 B,0.62
JsonDecode,ShortRun,False,Default,Default,Default,Default,Default,Default,11111,Empty,RyuJit,Default,X64,8c5e7fda-e8bf-4a96-9a85-a6e23a8c635c,.NET 10.0,False,True,False,True,Default,Default,False,False,False,Default,Default,Default,Default,Default,Default,Default,Default,5,150ms,1,Default,Default,Default,Default,Default,Default,16,3,Decode,Log,"383,889.8 ns","586,729.10 ns","152,371.68 ns","280,537.8 ns",1.12,0.55,4.8077,0.0000,0.0000,155360 B,1.00
MessagePackDecode,ShortRun,False,Default,Default,Default,Default,Default,Default,11111,Empty,RyuJit,Default,X64,8c5e7fda-e8bf-4a96-9a85-a6e23a8c635c,.NET 10.0,False,True,False,True,Default,Default,False,False,False,Default,Default,Default,Default,Default,Default,Default,Default,5,150ms,1,Default,Default,Default,Default,Default,Default,16,3,Decode,Log,"79,784.6 ns","3,168.78 ns",490.37 ns,"79,816.9 ns",0.23,0.07,6.8856,1.5890,0.0000,116928 B,0.75
MemoryPackDecode,ShortRun,False,Default,Default,Default,Default,Default,Default,11111,Empty,RyuJit,Default,X64,8c5e7fda-e8bf-4a96-9a85-a6e23a8c635c,.NET 10.0,False,True,False,True,Default,Default,False,False,False,Default,Default,Default,Default,Default,Default,Default,Default,5,150ms,1,Default,Default,Default,Default,Default,Default,16,3,Decode,Log,"30,015.6 ns","3,212.01 ns",834.15 ns,"29,807.6 ns",0.09,0.03,6.8789,1.7689,0.0000,116904 B,0.75
ProtobufDecode,ShortRun,False,Default,Default,Default,Default,Default,Default,11111,Empty,RyuJit,Default,X64,8c5e7fda-e8bf-4a96-9a85-a6e23a8c635c,.NET 10.0,False,True,False,True,Default,Default,False,False,False,Default,Default,Default,Default,Default,Default,Default,Default,5,150ms,1,Default,Default,Default,Default,Default,Default,16,3,Decode,Log,"97,674.5 ns","5,953.77 ns","1,546.17 ns","97,640.9 ns",0.29,0.09,5.7398,1.2755,0.0000,98560 B,0.63
JsonDecode,ShortRun,False,Default,Default,Default,Default,Default,Default,11111,Empty,RyuJit,Default,X64,8c5e7fda-e8bf-4a96-9a85-a6e23a8c635c,.NET 10.0,False,True,False,True,Default,Default,False,False,False,Default,Default,Default,Default,Default,Default,Default,Default,5,150ms,1,Default,Default,Default,Default,Default,Default,16,3,Decode,Graph,"1,708,131.6 ns","122,575.02 ns","31,832.34 ns","1,721,842.0 ns",1.00,0.02,31.2500,0.0000,0.0000,962216 B,1.00
MessagePackDecode,ShortRun,False,Default,Default,Default,Default,Default,Default,11111,Empty,RyuJit,Default,X64,8c5e7fda-e8bf-4a96-9a85-a6e23a8c635c,.NET 10.0,False,True,False,True,Default,Default,False,False,False,Default,Default,Default,Default,Default,Default,Default,Default,5,150ms,1,Default,Default,Default,Default,Default,Default,16,3,Decode,Graph,"833,192.0 ns","876,687.84 ns","227,673.05 ns","973,797.9 ns",0.49,0.12,20.8333,0.0000,0.0000,672192 B,0.70
MemoryPackDecode,ShortRun,False,Default,Default,Default,Default,Default,Default,11111,Empty,RyuJit,Default,X64,8c5e7fda-e8bf-4a96-9a85-a6e23a8c635c,.NET 10.0,False,True,False,True,Default,Default,False,False,False,Default,Default,Default,Default,Default,Default,Default,Default,5,150ms,1,Default,Default,Default,Default,Default,Default,16,3,Decode,Graph,"185,222.8 ns","27,911.88 ns","7,248.63 ns","188,486.7 ns",0.11,0.00,40.0000,16.2500,0.0000,672168 B,0.70
ProtobufDecode,ShortRun,False,Default,Default,Default,Default,Default,Default,11111,Empty,RyuJit,Default,X64,8c5e7fda-e8bf-4a96-9a85-a6e23a8c635c,.NET 10.0,False,True,False,True,Default,Default,False,False,False,Default,Default,Default,Default,Default,Default,Default,Default,5,150ms,1,Default,Default,Default,Default,Default,Default,16,3,Decode,Graph,"597,521.8 ns","115,462.20 ns","29,985.17 ns","606,254.3 ns",0.35,0.02,26.7857,8.9286,0.0000,528256 B,0.55
JsonDecode,ShortRun,False,Default,Default,Default,Default,Default,Default,11111,Empty,RyuJit,Default,X64,8c5e7fda-e8bf-4a96-9a85-a6e23a8c635c,.NET 10.0,False,True,False,True,Default,Default,False,False,False,Default,Default,Default,Default,Default,Default,Default,Default,5,150ms,1,Default,Default,Default,Default,Default,Default,16,3,Decode,Image,"59,324.3 ns","1,891.67 ns",491.26 ns,"59,524.2 ns",1.00,0.01,62.1044,62.1044,62.1044,263306 B,1.00
MessagePackDecode,ShortRun,False,Default,Default,Default,Default,Default,Default,11111,Empty,RyuJit,Default,X64,8c5e7fda-e8bf-4a96-9a85-a6e23a8c635c,.NET 10.0,False,True,False,True,Default,Default,False,False,False,Default,Default,Default,Default,Default,Default,Default,Default,5,150ms,1,Default,Default,Default,Default,Default,Default,16,3,Decode,Image,"28,868.0 ns","5,877.03 ns","1,526.25 ns","29,221.1 ns",0.49,0.02,51.7372,51.7372,51.7372,262705 B,1.00
MemoryPackDecode,ShortRun,False,Default,Default,Default,Default,Default,Default,11111,Empty,RyuJit,Default,X64,8c5e7fda-e8bf-4a96-9a85-a6e23a8c635c,.NET 10.0,False,True,False,True,Default,Default,False,False,False,Default,Default,Default,Default,Default,Default,Default,Default,5,150ms,1,Default,Default,Default,Default,Default,Default,16,3,Decode,Image,"28,437.4 ns","10,344.76 ns","2,686.50 ns","28,157.1 ns",0.48,0.04,48.2639,48.2639,48.2639,262682 B,1.00
ProtobufDecode,ShortRun,False,Default,Default,Default,Default,Default,Default,11111,Empty,RyuJit,Default,X64,8c5e7fda-e8bf-4a96-9a85-a6e23a8c635c,.NET 10.0,False,True,False,True,Default,Default,False,False,False,Default,Default,Default,Default,Default,Default,Default,Default,5,150ms,1,Default,Default,Default,Default,Default,Default,16,3,Decode,Image,"29,908.5 ns","5,314.13 ns","1,380.06 ns","29,886.7 ns",0.50,0.02,49.3211,49.3211,49.3211,262692 B,1.00
JsonEncode,ShortRun,False,Default,Default,Default,Default,Default,Default,11111,Empty,RyuJit,Default,X64,8c5e7fda-e8bf-4a96-9a85-a6e23a8c635c,.NET 10.0,False,True,False,True,Default,Default,False,False,False,Default,Default,Default,Default,Default,Default,Default,Default,5,150ms,1,Default,Default,Default,Default,Default,Default,16,3,Encode,Operation,"1,205.4 ns",29.50 ns,7.66 ns,"1,204.3 ns",1.00,0.01,0.0886,0.0000,0.0000,1520 B,1.00
MessagePackEncode,ShortRun,False,Default,Default,Default,Default,Default,Default,11111,Empty,RyuJit,Default,X64,8c5e7fda-e8bf-4a96-9a85-a6e23a8c635c,.NET 10.0,False,True,False,True,Default,Default,False,False,False,Default,Default,Default,Default,Default,Default,Default,Default,5,150ms,1,Default,Default,Default,Default,Default,Default,16,3,Encode,Operation,412.4 ns,16.98 ns,4.41 ns,411.9 ns,0.34,0.00,0.0111,0.0000,0.0000,200 B,0.13
MemoryPackEncode,ShortRun,False,Default,Default,Default,Default,Default,Default,11111,Empty,RyuJit,Default,X64,8c5e7fda-e8bf-4a96-9a85-a6e23a8c635c,.NET 10.0,False,True,False,True,Default,Default,False,False,False,Default,Default,Default,Default,Default,Default,Default,Default,5,150ms,1,Default,Default,Default,Default,Default,Default,16,3,Encode,Operation,131.1 ns,9.83 ns,2.55 ns,131.9 ns,0.11,0.00,0.0163,0.0000,0.0000,280 B,0.18
ProtobufEncode,ShortRun,False,Default,Default,Default,Default,Default,Default,11111,Empty,RyuJit,Default,X64,8c5e7fda-e8bf-4a96-9a85-a6e23a8c635c,.NET 10.0,False,True,False,True,Default,Default,False,False,False,Default,Default,Default,Default,Default,Default,Default,Default,5,150ms,1,Default,Default,Default,Default,Default,Default,16,3,Encode,Operation,616.0 ns,229.37 ns,59.57 ns,586.6 ns,0.51,0.05,0.0308,0.0000,0.0000,536 B,0.35
JsonEncode,ShortRun,False,Default,Default,Default,Default,Default,Default,11111,Empty,RyuJit,Default,X64,8c5e7fda-e8bf-4a96-9a85-a6e23a8c635c,.NET 10.0,False,True,False,True,Default,Default,False,False,False,Default,Default,Default,Default,Default,Default,Default,Default,5,150ms,1,Default,Default,Default,Default,Default,Default,16,3,Encode,Metrics,"124,324.0 ns","14,681.75 ns","3,812.81 ns","121,804.8 ns",1.00,0.04,4.0064,0.0000,0.0000,71656 B,1.00
MessagePackEncode,ShortRun,False,Default,Default,Default,Default,Default,Default,11111,Empty,RyuJit,Default,X64,8c5e7fda-e8bf-4a96-9a85-a6e23a8c635c,.NET 10.0,False,True,False,True,Default,Default,False,False,False,Default,Default,Default,Default,Default,Default,Default,Default,5,150ms,1,Default,Default,Default,Default,Default,Default,16,3,Encode,Metrics,"46,931.0 ns","4,060.31 ns",628.34 ns,"46,874.5 ns",0.38,0.01,0.6219,0.0000,0.0000,15312 B,0.21
MemoryPackEncode,ShortRun,False,Default,Default,Default,Default,Default,Default,11111,Empty,RyuJit,Default,X64,8c5e7fda-e8bf-4a96-9a85-a6e23a8c635c,.NET 10.0,False,True,False,True,Default,Default,False,False,False,Default,Default,Default,Default,Default,Default,Default,Default,5,150ms,1,Default,Default,Default,Default,Default,Default,16,3,Encode,Metrics,"11,185.6 ns",708.75 ns,109.68 ns,"11,140.0 ns",0.09,0.00,1.4307,0.0000,0.0000,24792 B,0.35
ProtobufEncode,ShortRun,False,Default,Default,Default,Default,Default,Default,11111,Empty,RyuJit,Default,X64,8c5e7fda-e8bf-4a96-9a85-a6e23a8c635c,.NET 10.0,False,True,False,True,Default,Default,False,False,False,Default,Default,Default,Default,Default,Default,Default,Default,5,150ms,1,Default,Default,Default,Default,Default,Default,16,3,Encode,Metrics,"55,692.7 ns","5,361.20 ns",829.65 ns,"55,535.3 ns",0.45,0.01,2.1186,0.0000,0.0000,46776 B,0.65
JsonEncode,ShortRun,False,Default,Default,Default,Default,Default,Default,11111,Empty,RyuJit,Default,X64,8c5e7fda-e8bf-4a96-9a85-a6e23a8c635c,.NET 10.0,False,True,False,True,Default,Default,False,False,False,Default,Default,Default,Default,Default,Default,Default,Default,5,150ms,1,Default,Default,Default,Default,Default,Default,16,3,Encode,Trace,"190,942.1 ns","161,721.24 ns","41,998.49 ns","212,147.7 ns",1.05,0.32,2.5000,0.0000,0.0000,83432 B,1.00
MessagePackEncode,ShortRun,False,Default,Default,Default,Default,Default,Default,11111,Empty,RyuJit,Default,X64,8c5e7fda-e8bf-4a96-9a85-a6e23a8c635c,.NET 10.0,False,True,False,True,Default,Default,False,False,False,Default,Default,Default,Default,Default,Default,Default,Default,5,150ms,1,Default,Default,Default,Default,Default,Default,16,3,Encode,Trace,"53,287.6 ns","3,892.23 ns",602.33 ns,"53,167.1 ns",0.29,0.07,1.3966,0.0000,0.0000,23632 B,0.28
MemoryPackEncode,ShortRun,False,Default,Default,Default,Default,Default,Default,11111,Empty,RyuJit,Default,X64,8c5e7fda-e8bf-4a96-9a85-a6e23a8c635c,.NET 10.0,False,True,False,True,Default,Default,False,False,False,Default,Default,Default,Default,Default,Default,Default,Default,5,150ms,1,Default,Default,Default,Default,Default,Default,16,3,Encode,Trace,"14,209.5 ns","1,275.25 ns",331.18 ns,"14,142.1 ns",0.08,0.02,1.9899,0.0000,0.0000,34264 B,0.41
ProtobufEncode,ShortRun,False,Default,Default,Default,Default,Default,Default,11111,Empty,RyuJit,Default,X64,8c5e7fda-e8bf-4a96-9a85-a6e23a8c635c,.NET 10.0,False,True,False,True,Default,Default,False,False,False,Default,Default,Default,Default,Default,Default,Default,Default,5,150ms,1,Default,Default,Default,Default,Default,Default,16,3,Encode,Trace,"71,303.7 ns","3,899.32 ns",603.42 ns,"71,073.7 ns",0.39,0.09,5.0813,0.0000,0.0000,90800 B,1.09
JsonEncode,ShortRun,False,Default,Default,Default,Default,Default,Default,11111,Empty,RyuJit,Default,X64,8c5e7fda-e8bf-4a96-9a85-a6e23a8c635c,.NET 10.0,False,True,False,True,Default,Default,False,False,False,Default,Default,Default,Default,Default,Default,Default,Default,5,150ms,1,Default,Default,Default,Default,Default,Default,16,3,Encode,Log,"135,423.7 ns","5,862.75 ns","1,522.54 ns","135,586.5 ns",1.00,0.01,4.5290,0.0000,0.0000,85344 B,1.00
MessagePackEncode,ShortRun,False,Default,Default,Default,Default,Default,Default,11111,Empty,RyuJit,Default,X64,8c5e7fda-e8bf-4a96-9a85-a6e23a8c635c,.NET 10.0,False,True,False,True,Default,Default,False,False,False,Default,Default,Default,Default,Default,Default,Default,Default,5,150ms,1,Default,Default,Default,Default,Default,Default,16,3,Encode,Log,"57,879.6 ns","1,961.18 ns",509.31 ns,"58,085.8 ns",0.43,0.01,1.5432,0.0000,0.0000,27488 B,0.32
MemoryPackEncode,ShortRun,False,Default,Default,Default,Default,Default,Default,11111,Empty,RyuJit,Default,X64,8c5e7fda-e8bf-4a96-9a85-a6e23a8c635c,.NET 10.0,False,True,False,True,Default,Default,False,False,False,Default,Default,Default,Default,Default,Default,Default,Default,5,150ms,1,Default,Default,Default,Default,Default,Default,16,3,Encode,Log,"16,801.1 ns","1,552.62 ns",240.27 ns,"16,856.8 ns",0.12,0.00,2.1766,0.0000,0.0000,38248 B,0.45
ProtobufEncode,ShortRun,False,Default,Default,Default,Default,Default,Default,11111,Empty,RyuJit,Default,X64,8c5e7fda-e8bf-4a96-9a85-a6e23a8c635c,.NET 10.0,False,True,False,True,Default,Default,False,False,False,Default,Default,Default,Default,Default,Default,Default,Default,5,150ms,1,Default,Default,Default,Default,Default,Default,16,3,Encode,Log,"78,489.1 ns","22,641.65 ns","5,879.96 ns","82,164.8 ns",0.58,0.04,5.6391,0.4699,0.0000,100056 B,1.17
JsonEncode,ShortRun,False,Default,Default,Default,Default,Default,Default,11111,Empty,RyuJit,Default,X64,8c5e7fda-e8bf-4a96-9a85-a6e23a8c635c,.NET 10.0,False,True,False,True,Default,Default,False,False,False,Default,Default,Default,Default,Default,Default,Default,Default,5,150ms,1,Default,Default,Default,Default,Default,Default,16,3,Encode,Graph,"1,236,871.9 ns","501,772.30 ns","77,649.82 ns","1,256,986.2 ns",1.00,0.08,93.7500,93.7500,93.7500,551634 B,1.00
MessagePackEncode,ShortRun,False,Default,Default,Default,Default,Default,Default,11111,Empty,RyuJit,Default,X64,8c5e7fda-e8bf-4a96-9a85-a6e23a8c635c,.NET 10.0,False,True,False,True,Default,Default,False,False,False,Default,Default,Default,Default,Default,Default,Default,Default,5,150ms,1,Default,Default,Default,Default,Default,Default,16,3,Encode,Graph,"404,567.2 ns","108,311.44 ns","28,128.14 ns","405,041.0 ns",0.33,0.03,30.0000,30.0000,30.0000,117130 B,0.21
MemoryPackEncode,ShortRun,False,Default,Default,Default,Default,Default,Default,11111,Empty,RyuJit,Default,X64,8c5e7fda-e8bf-4a96-9a85-a6e23a8c635c,.NET 10.0,False,True,False,True,Default,Default,False,False,False,Default,Default,Default,Default,Default,Default,Default,Default,5,150ms,1,Default,Default,Default,Default,Default,Default,16,3,Encode,Graph,"114,803.5 ns","11,864.19 ns","3,081.09 ns","114,764.5 ns",0.09,0.01,47.0430,47.0430,47.0430,191162 B,0.35
ProtobufEncode,ShortRun,False,Default,Default,Default,Default,Default,Default,11111,Empty,RyuJit,Default,X64,8c5e7fda-e8bf-4a96-9a85-a6e23a8c635c,.NET 10.0,False,True,False,True,Default,Default,False,False,False,Default,Default,Default,Default,Default,Default,Default,Default,5,150ms,1,Default,Default,Default,Default,Default,Default,16,3,Encode,Graph,"541,657.4 ns","385,531.70 ns","100,121.36 ns","529,007.0 ns",0.44,0.08,62.5000,54.6875,54.6875,370493 B,0.67
JsonEncode,ShortRun,False,Default,Default,Default,Default,Default,Default,11111,Empty,RyuJit,Default,X64,8c5e7fda-e8bf-4a96-9a85-a6e23a8c635c,.NET 10.0,False,True,False,True,Default,Default,False,False,False,Default,Default,Default,Default,Default,Default,Default,Default,5,150ms,1,Default,Default,Default,Default,Default,Default,16,3,Encode,Image,"43,963.8 ns","9,619.88 ns","2,498.25 ns","42,725.2 ns",1.00,0.07,69.7368,69.7368,69.7368,350512 B,1.00
MessagePackEncode,ShortRun,False,Default,Default,Default,Default,Default,Default,11111,Empty,RyuJit,Default,X64,8c5e7fda-e8bf-4a96-9a85-a6e23a8c635c,.NET 10.0,False,True,False,True,Default,Default,False,False,False,Default,Default,Default,Default,Default,Default,Default,Default,5,150ms,1,Default,Default,Default,Default,Default,Default,16,3,Encode,Image,"55,637.9 ns","6,213.43 ns","1,613.61 ns","56,260.3 ns",1.27,0.07,104.1667,104.1667,104.1667,524490 B,1.50
MemoryPackEncode,ShortRun,False,Default,Default,Default,Default,Default,Default,11111,Empty,RyuJit,Default,X64,8c5e7fda-e8bf-4a96-9a85-a6e23a8c635c,.NET 10.0,False,True,False,True,Default,Default,False,False,False,Default,Default,Default,Default,Default,Default,Default,Default,5,150ms,1,Default,Default,Default,Default,Default,Default,16,3,Encode,Image,"32,063.1 ns","11,519.90 ns","2,991.68 ns","30,050.7 ns",0.73,0.07,52.7468,52.7468,52.7468,262278 B,0.75
ProtobufEncode,ShortRun,False,Default,Default,Default,Default,Default,Default,11111,Empty,RyuJit,Default,X64,8c5e7fda-e8bf-4a96-9a85-a6e23a8c635c,.NET 10.0,False,True,False,True,Default,Default,False,False,False,Default,Default,Default,Default,Default,Default,Default,Default,5,150ms,1,Default,Default,Default,Default,Default,Default,16,3,Encode,Image,"57,121.7 ns","4,531.89 ns","1,176.92 ns","57,163.7 ns",1.30,0.07,103.1073,103.1073,103.1073,525563 B,1.50
